old_path	new_path
03_Resource/Figure 14-1.png	04_Archives/attachments/img-20231204-142220-002.png
03_Resource/Figure 14-2.png	04_Archives/attachments/img-20231204-142220-003.png
03_Resource/Figure 14-3.png	04_Archives/attachments/img-20231204-142220-004.png
03_Resource/Figure 14-4.png	04_Archives/attachments/img-20231204-142220-005.png
03_Resource/Figure 14-5.png	04_Archives/attachments/img-20231204-142220-006.png
03_Resource/Figure 14-6.png	04_Archives/attachments/img-20231204-142220-007.png
03_Resource/Figure 16-1.png	04_Archives/attachments/img-20231204-142220-008.png
03_Resource/Figure 17-1.png	04_Archives/attachments/img-20231204-142220-009.png
03_Resource/Figure 17-2.png	04_Archives/attachments/img-20231204-142220-010.png
03_Resource/Figure 17-3.png	04_Archives/attachments/img-20231204-142220-011.png
03_Resource/Figure 17-4.png	04_Archives/attachments/img-20231204-142220-012.png
03_Resource/Figure 18-1.jpg	04_Archives/attachments/img-20231204-142220.jpg
03_Resource/Figure 18-2.jpg	04_Archives/attachments/img-20231204-142220-001.jpg
03_Resource/Figure 18-3.png	04_Archives/attachments/img-20231204-142220-013.png
03_Resource/Figure 18-4.png	04_Archives/attachments/img-20231204-142220-014.png
03_Resource/Figure 18-5.png	04_Archives/attachments/img-20231204-142220-015.png
03_Resource/Figure 19-1.png	04_Archives/attachments/img-20231204-142220-016.png
03_Resource/Figure 19-2.png	04_Archives/attachments/img-20231204-142220-017.png
03_Resource/Figure 19-3.png	04_Archives/attachments/img-20231204-142220-018.png
03_Resource/Figure 19-4.png	04_Archives/attachments/img-20231204-142220-019.png
03_Resource/Figure 19-5.png	04_Archives/attachments/img-20231204-142220-020.png
03_Resource/Figure 19-6.png	04_Archives/attachments/img-20231204-142220-021.png
03_Resource/Figure 19-7.png	04_Archives/attachments/img-20231204-142220-022.png
03_Resource/Figure 19-8.png	04_Archives/attachments/img-20231204-142220-023.png
03_Resource/Figure 20-1.png	04_Archives/attachments/img-20231204-142220-024.png
03_Resource/Figure 20-2.png	04_Archives/attachments/img-20231204-142220-025.png
03_Resource/Figure 21-1.png	04_Archives/attachments/img-20231204-142220-026.png
03_Resource/Figure 23-1.png	04_Archives/attachments/img-20231204-142220-027.png
03_Resource/Figure 23-2.png	04_Archives/attachments/img-20231204-142220-028.png
03_Resource/Figure 23-3.png	04_Archives/attachments/img-20231204-142220-029.png
03_Resource/Figure 23-4.png	04_Archives/attachments/img-20231204-142220-030.png
03_Resource/Figure 23-5.png	04_Archives/attachments/img-20231204-142220-031.png
03_Resource/Figure 6-1.png	04_Archives/attachments/img-20231204-142220-032.png
03_Resource/Figure 6-2.png	04_Archives/attachments/img-20231204-142220-033.png
03_Resource/figure 1-1.png	04_Archives/attachments/img-20231204-142220.png
03_Resource/figure 1-2.png	04_Archives/attachments/img-20231204-142220-001.png
03_Resource/image-20220407195517053.png	04_Archives/attachments/img-20220407-195517.png
03_Resource/image-20220407195824423.png	04_Archives/attachments/img-20220407-195824.png
03_Resource/image-20220407200232089.png	04_Archives/attachments/img-20220407-200232.png
03_Resource/image-20220407200917862.png	04_Archives/attachments/img-20220407-200917.png
03_Resource/image-20220407201117705.png	04_Archives/attachments/img-20220407-201117.png
04_Archives/95122414_7.png	04_Archives/attachments/img-20260101-234630.png
04_Archives/Pasted image 20231019220121.png	04_Archives/attachments/img-20231019-220121.png
04_Archives/Pasted image 20231205194628.png	04_Archives/attachments/img-20231205-194628.png
04_Archives/Pasted image 20231205194903.png	04_Archives/attachments/img-20231205-194903.png
04_Archives/Pasted image 20231211221737.png	04_Archives/attachments/img-20231211-221737.png
04_Archives/Pasted image 20231211222358.png	04_Archives/attachments/img-20231211-222358.png
04_Archives/Pasted image 20231211222929.png	04_Archives/attachments/img-20231211-222929.png
04_Archives/Pasted image 20231211223238.png	04_Archives/attachments/img-20231211-223238.png
04_Archives/Pasted image 20231211223933.png	04_Archives/attachments/img-20231211-223933.png
04_Archives/Pasted image 20231211224329.png	04_Archives/attachments/img-20231211-224329.png
04_Archives/Pasted image 20231211224738.png	04_Archives/attachments/img-20231211-224738.png
04_Archives/Pasted image 20231213153916.png	04_Archives/attachments/img-20231213-153916.png
04_Archives/Pasted image 20231213155852.png	04_Archives/attachments/img-20231213-155852.png
04_Archives/Pasted image 20231213155942.png	04_Archives/attachments/img-20231213-155942.png
04_Archives/Pasted image 20231213160650.png	04_Archives/attachments/img-20231213-160650.png
04_Archives/Pasted image 20231213161046.png	04_Archives/attachments/img-20231213-161046.png
04_Archives/Pasted image 20231213161353.png	04_Archives/attachments/img-20231213-161353.png
04_Archives/Pasted image 20231213163402.png	04_Archives/attachments/img-20231213-163402.png
04_Archives/Pasted image 20231213170749.png	04_Archives/attachments/img-20231213-170749.png
04_Archives/Pasted image 20231213171924.png	04_Archives/attachments/img-20231213-171924.png
04_Archives/Pasted image 20231213172428.png	04_Archives/attachments/img-20231213-172428.png
04_Archives/Pasted image 20231229191728.png	04_Archives/attachments/img-20231229-191728.png
04_Archives/Pasted image 20240106220812.png	04_Archives/attachments/img-20240106-220812.png
04_Archives/Pasted image 20240106220943.png	04_Archives/attachments/img-20240106-220943.png
04_Archives/Pasted image 20240107145542.png	04_Archives/attachments/img-20240107-145542.png
04_Archives/Pasted image 20240107145800.png	04_Archives/attachments/img-20240107-145800.png
04_Archives/Pasted image 20240107145928.png	04_Archives/attachments/img-20240107-145928.png
04_Archives/Pasted image 20240107150259.png	04_Archives/attachments/img-20240107-150259.png
04_Archives/Pasted image 20240107150601.png	04_Archives/attachments/img-20240107-150601.png
04_Archives/Pasted image 20240107150949.png	04_Archives/attachments/img-20240107-150949.png
04_Archives/Pasted image 20240107151416.png	04_Archives/attachments/img-20240107-151416.png
04_Archives/Pasted image 20240107151742.png	04_Archives/attachments/img-20240107-151742.png
04_Archives/Pasted image 20240107153439.png	04_Archives/attachments/img-20240107-153439.png
04_Archives/Pasted image 20240107153512.png	04_Archives/attachments/img-20240107-153512.png
04_Archives/Pasted image 20240107153600.png	04_Archives/attachments/img-20240107-153600.png
04_Archives/Pasted image 20240107160020.png	04_Archives/attachments/img-20240107-160020.png
04_Archives/Pasted image 20240107160627.png	04_Archives/attachments/img-20240107-160627.png
04_Archives/Pasted image 20240107160720.png	04_Archives/attachments/img-20240107-160720.png
04_Archives/Pasted image 20240107161040.png	04_Archives/attachments/img-20240107-161040.png
04_Archives/Pasted image 20240107210237.png	04_Archives/attachments/img-20240107-210237.png
04_Archives/Pasted image 20240107210243.png	04_Archives/attachments/img-20240107-210243.png
04_Archives/Pasted image 20240107210348.png	04_Archives/attachments/img-20240107-210348.png
04_Archives/Pasted image 20240107210447.png	04_Archives/attachments/img-20240107-210447.png
04_Archives/Pasted image 20240107210505.png	04_Archives/attachments/img-20240107-210505.png
04_Archives/Pasted image 20240107210545.png	04_Archives/attachments/img-20240107-210545.png
04_Archives/Pasted image 20240107210625.png	04_Archives/attachments/img-20240107-210625.png
04_Archives/Pasted image 20240107210807.png	04_Archives/attachments/img-20240107-210807.png
04_Archives/Pasted image 20240107210821.png	04_Archives/attachments/img-20240107-210821.png
04_Archives/Pasted image 20240107210852.png	04_Archives/attachments/img-20240107-210852.png
04_Archives/Pasted image 20240107210940.png	04_Archives/attachments/img-20240107-210940.png
04_Archives/Pasted image 20240107211138.png	04_Archives/attachments/img-20240107-211138.png
04_Archives/Pasted image 20240107211246.png	04_Archives/attachments/img-20240107-211246.png
04_Archives/Pasted image 20240107211257.png	04_Archives/attachments/img-20240107-211257.png
04_Archives/Pasted image 20240107211300.png	04_Archives/attachments/img-20240107-211300.png
04_Archives/Pasted image 20240107212032.png	04_Archives/attachments/img-20240107-212032.png
04_Archives/Pasted image 20240107212051.png	04_Archives/attachments/img-20240107-212051.png
04_Archives/Pasted image 20240107212109.png	04_Archives/attachments/img-20240107-212109.png
04_Archives/Pasted image 20240108153946.png	04_Archives/attachments/img-20240108-153946.png
04_Archives/Pasted image 20240108154043.png	04_Archives/attachments/img-20240108-154043.png
04_Archives/Pasted image 20240108154054.png	04_Archives/attachments/img-20240108-154054.png
04_Archives/Pasted image 20240108154243.png	04_Archives/attachments/img-20240108-154243.png
04_Archives/Pasted image 20240108154554.png	04_Archives/attachments/img-20240108-154554.png
04_Archives/Pasted image 20240108154740.png	04_Archives/attachments/img-20240108-154740.png
04_Archives/Pasted image 20240108154833.png	04_Archives/attachments/img-20240108-154833.png
04_Archives/Pasted image 20240108155516.png	04_Archives/attachments/img-20240108-155516.png
04_Archives/Pasted image 20240108161121.png	04_Archives/attachments/img-20240108-161121.png
04_Archives/Pasted image 20240109200236.png	04_Archives/attachments/img-20240109-200236.png
04_Archives/Pasted image 20240112163717.png	04_Archives/attachments/img-20240112-163717.png
04_Archives/Pasted image 20240112163827.png	04_Archives/attachments/img-20240112-163827.png
04_Archives/Pasted image 20240112164054.png	04_Archives/attachments/img-20240112-164054.png
04_Archives/Pasted image 20240112164204.png	04_Archives/attachments/img-20240112-164204.png
04_Archives/Pasted image 20240112170916.png	04_Archives/attachments/img-20240112-170916.png
04_Archives/Pasted image 20240112171029.png	04_Archives/attachments/img-20240112-171029.png
04_Archives/Pasted image 20240112171238.png	04_Archives/attachments/img-20240112-171238.png
04_Archives/Pasted image 20240112171422.png	04_Archives/attachments/img-20240112-171422.png
04_Archives/Pasted image 20240112172158.png	04_Archives/attachments/img-20240112-172158.png
04_Archives/Pasted image 20240112201402.png	04_Archives/attachments/img-20240112-201402.png
04_Archives/Pasted image 20240112201954.png	04_Archives/attachments/img-20240112-201954.png
04_Archives/Pasted image 20240112202100.png	04_Archives/attachments/img-20240112-202100.png
04_Archives/Pasted image 20240112202521.png	04_Archives/attachments/img-20240112-202521.png
04_Archives/Pasted image 20240112202619.png	04_Archives/attachments/img-20240112-202619.png
04_Archives/Pasted image 20240112203000.png	04_Archives/attachments/img-20240112-203000.png
04_Archives/Pasted image 20240112203101.png	04_Archives/attachments/img-20240112-203101.png
04_Archives/Pasted image 20240112204110.png	04_Archives/attachments/img-20240112-204110.png
04_Archives/Pasted image 20240112210632.png	04_Archives/attachments/img-20240112-210632.png
04_Archives/Pasted image 20240114162253.png	04_Archives/attachments/img-20240114-162253.png
04_Archives/Pasted image 20240114163816.png	04_Archives/attachments/img-20240114-163816.png
04_Archives/Pasted image 20240114163819.png	04_Archives/attachments/img-20240114-163819.png
04_Archives/Pasted image 20240114163824.png	04_Archives/attachments/img-20240114-163824.png
04_Archives/Pasted image 20240114164001.png	04_Archives/attachments/img-20240114-164001.png
04_Archives/Pasted image 20240114165424.png	04_Archives/attachments/img-20240114-165424.png
04_Archives/Pasted image 20240114165939.png	04_Archives/attachments/img-20240114-165939.png
04_Archives/Pasted image 20240114171458.png	04_Archives/attachments/img-20240114-171458.png
04_Archives/Pasted image 20240114171832.png	04_Archives/attachments/img-20240114-171832.png
04_Archives/Pasted image 20240114173330.png	04_Archives/attachments/img-20240114-173330.png
04_Archives/Pasted image 20240114223621.png	04_Archives/attachments/img-20240114-223621.png
04_Archives/Pasted image 20240115175811.png	04_Archives/attachments/img-20240115-175811.png
04_Archives/Pasted image 20240116153259.png	04_Archives/attachments/img-20240116-153259.png
04_Archives/Pasted image 20240116153302.png	04_Archives/attachments/img-20240116-153302.png
04_Archives/Pasted image 20240116214836.png	04_Archives/attachments/img-20240116-214836.png
04_Archives/Pasted image 20240116214904.png	04_Archives/attachments/img-20240116-214904.png
04_Archives/Pasted image 20240326110513.png	04_Archives/attachments/img-20240326-110513.png
04_Archives/Pasted image 20240326110603.png	04_Archives/attachments/img-20240326-110603.png
04_Archives/Pasted image 20240527165526.png	04_Archives/attachments/img-20240527-165526.png
04_Archives/Pasted image 20260118203647.png	04_Archives/attachments/img-20260118-203647.png
04_Archives/rust函数.png	04_Archives/attachments/img-20240525-222039.png
04_Archives/swe_at_google.2.cover.jpg	04_Archives/attachments/img-20231204-142220-002.jpg
04_Archives/内存.png	04_Archives/attachments/img-20231028-202814.png
04_Archives/图像增强.png	04_Archives/attachments/img-20231228-210855.png
04_Archives/天界结构思维导图.png	04_Archives/attachments/img-20231228-200854.png
04_Archives/导入.png	04_Archives/attachments/img-20231028-202747.png
04_Archives/快捷键.png	04_Archives/attachments/img-20231028-205007.png
04_Archives/数据压缩编码.png	04_Archives/attachments/img-20231230-204207.png
04_Archives/无线电广播系统框图.png	04_Archives/attachments/img-20240106-215712.png
04_Archives/日本战败.png	04_Archives/attachments/img-20231229-194640.png
04_Archives/显示.png	04_Archives/attachments/img-20231028-202726.png
04_Archives/灰度图像分割方法.png	04_Archives/attachments/img-20231228-225512.png
04_Archives/缓存.png	04_Archives/attachments/img-20231028-202758.png
04_Archives/自动保存.png	04_Archives/attachments/img-20231028-202939.png
04_Archives/设计细节.png	04_Archives/attachments/img-20240527-165928.png
04_Archives/超外差接收机框图.png	04_Archives/attachments/img-20240106-220601.png
04_Archives/面料.png	04_Archives/attachments/img-20240527-165734.png
04_Archives/面板.png	04_Archives/attachments/img-20231028-203050.png
